[
{
  "model": "auth.user",
  "pk": 2,
  "fields": {
    "password": "pbkdf2_sha256$1200000$Euprkcpzzi2soEeHwMyqU4$FUuAO26zuKe6wj0ibF1Ub+ncOsXeE3PLe1xvV+wfmgw=",
    "last_login": "2026-04-09T17:05:08.864Z",
    "is_superuser": true,
    "username": "madsaomi",
    "first_name": "",
    "last_name": "",
    "email": "madsaomi56@gmail.com",
    "is_staff": true,
    "is_active": true,
    "date_joined": "2026-04-09T17:04:57.050Z",
    "groups": [],
    "user_permissions": []
  }
},
{
  "model": "auth.user",
  "pk": 9,
  "fields": {
    "password": "pbkdf2_sha256$1200000$RGlYcQP21PYgmCZonIOEJk$7mP2l8ocHWUyGLRusvdbbXBREVH9BI2lO+yfHGr3JQ8=",
    "last_login": "2026-04-12T11:27:51.381Z",
    "is_superuser": true,
    "username": "admin",
    "first_name": "",
    "last_name": "",
    "email": "admin@example.com",
    "is_staff": true,
    "is_active": true,
    "date_joined": "2026-04-12T11:27:06.934Z",
    "groups": [],
    "user_permissions": []
  }
},
{
  "model": "auth.user",
  "pk": 10,
  "fields": {
    "password": "pbkdf2_sha256$1200000$DA8K7pGtdliadmLKYUSnxG$4TnM7IebHr7nO46AdyfdkL5wK1jyqVgihBEG3AVOV/8=",
    "last_login": null,
    "is_superuser": false,
    "username": "manager1",
    "first_name": "Малика",
    "last_name": "Каримова",
    "email": "",
    "is_staff": false,
    "is_active": true,
    "date_joined": "2026-04-15T13:59:00.584Z",
    "groups": [],
    "user_permissions": []
  }
},
{
  "model": "auth.user",
  "pk": 11,
  "fields": {
    "password": "pbkdf2_sha256$1200000$ZkGdHRuRLmEbNP23AByK15$7kLoE5VBC+I2Bx8mFoTxB+xYQtEH1UE3fpOiNl5cq4U=",
    "last_login": null,
    "is_superuser": false,
    "username": "manager2",
    "first_name": "Азиз",
    "last_name": "Нишанов",
    "email": "",
    "is_staff": false,
    "is_active": true,
    "date_joined": "2026-04-15T13:59:01.057Z",
    "groups": [],
    "user_permissions": []
  }
},
{
  "model": "auth.user",
  "pk": 12,
  "fields": {
    "password": "pbkdf2_sha256$1200000$8ndvLH07jiXitmozngVMl8$Lo2uYvO6jR8SaSL0xyf7mToLKJAMEhs1Th6UTBZMDuQ=",
    "last_login": null,
    "is_superuser": false,
    "username": "teacher1",
    "first_name": "Диёра",
    "last_name": "Рашидова",
    "email": "",
    "is_staff": false,
    "is_active": true,
    "date_joined": "2026-04-15T13:59:01.559Z",
    "groups": [],
    "user_permissions": []
  }
},
{
  "model": "auth.user",
  "pk": 13,
  "fields": {
    "password": "pbkdf2_sha256$1200000$u7wt0UBXbwgJ16ESDBfTNf$2pfCt6ZMRNQe2K58ORgUgLXcnzEJRwzxUfkS8RIonxg=",
    "last_login": null,
    "is_superuser": false,
    "username": "teacher2",
    "first_name": "Камолиддин",
    "last_name": "Хошимов",
    "email": "",
    "is_staff": false,
    "is_active": true,
    "date_joined": "2026-04-15T13:59:02.104Z",
    "groups": [],
    "user_permissions": []
  }
},
{
  "model": "auth.user",
  "pk": 14,
  "fields": {
    "password": "pbkdf2_sha256$1200000$aq6oBCVCYUVAhf5Tc9Y2J7$iiNj70MEXQbQiaVU6WfFHSBTv+kbofMrDrhV5gbUtpI=",
    "last_login": null,
    "is_superuser": false,
    "username": "teacher3",
    "first_name": "Шахзод",
    "last_name": "Абдуллаев",
    "email": "",
    "is_staff": false,
    "is_active": true,
    "date_joined": "2026-04-15T13:59:02.601Z",
    "groups": [],
    "user_permissions": []
  }
},
{
  "model": "auth.user",
  "pk": 15,
  "fields": {
    "password": "pbkdf2_sha256$1200000$68PZPscYBFDSD9mj5AkRae$sK8dcnEnI0miSaVNtO2aWCRkDba5cWRuPQvYs9zDzkA=",
    "last_login": null,
    "is_superuser": false,
    "username": "teacher4",
    "first_name": "Нодира",
    "last_name": "Усманова",
    "email": "",
    "is_staff": false,
    "is_active": true,
    "date_joined": "2026-04-15T13:59:03.170Z",
    "groups": [],
    "user_permissions": []
  }
},
{
  "model": "managers.manager",
  "pk": 3,
  "fields": {
    "user": [
      "manager1"
    ],
    "name": "Малика Каримова",
    "phone": "+998905797956",
    "created_at": "2026-04-15T13:59:01.048Z",
    "is_active": true
  }
},
{
  "model": "managers.manager",
  "pk": 4,
  "fields": {
    "user": [
      "manager2"
    ],
    "name": "Азиз Нишанов",
    "phone": "+998905039317",
    "created_at": "2026-04-15T13:59:01.546Z",
    "is_active": true
  }
},
{
  "model": "teachers.teacher",
  "pk": 5,
  "fields": {
    "user": [
      "teacher1"
    ],
    "name": "Диёра Рашидова",
    "phone": "+998933668051",
    "specialization": "English",
    "created_at": "2026-04-15T13:59:02.094Z",
    "is_active": true
  }
},
{
  "model": "teachers.teacher",
  "pk": 6,
  "fields": {
    "user": [
      "teacher2"
    ],
    "name": "Камолиддин Хошимов",
    "phone": "+998939967506",
    "specialization": "English",
    "created_at": "2026-04-15T13:59:02.590Z",
    "is_active": true
  }
},
{
  "model": "teachers.teacher",
  "pk": 7,
  "fields": {
    "user": [
      "teacher3"
    ],
    "name": "Шахзод Абдуллаев",
    "phone": "+998935230985",
    "specialization": "IELTS",
    "created_at": "2026-04-15T13:59:03.156Z",
    "is_active": true
  }
},
{
  "model": "teachers.teacher",
  "pk": 8,
  "fields": {
    "user": [
      "teacher4"
    ],
    "name": "Нодира Усманова",
    "phone": "+998936591814",
    "specialization": "Math",
    "created_at": "2026-04-15T13:59:03.651Z",
    "is_active": true
  }
},
{
  "model": "students.student",
  "pk": 41,
  "fields": {
    "name": "Ситора Рахимова",
    "phone": "+998996950411",
    "manager": 3,
    "created_at": "2026-04-15T13:59:03.714Z",
    "is_active": true
  }
},
{
  "model": "students.student",
  "pk": 42,
  "fields": {
    "name": "Бехруз Юсупов",
    "phone": "+998991873755",
    "manager": 4,
    "created_at": "2026-04-15T13:59:03.723Z",
    "is_active": true
  }
},
{
  "model": "students.student",
  "pk": 43,
  "fields": {
    "name": "Дильноза Мирзаева",
    "phone": "+998992361821",
    "manager": 3,
    "created_at": "2026-04-15T13:59:03.733Z",
    "is_active": true
  }
},
{
  "model": "students.student",
  "pk": 44,
  "fields": {
    "name": "Жасур Каримов",
    "phone": "+998999707500",
    "manager": 4,
    "created_at": "2026-04-15T13:59:03.743Z",
    "is_active": true
  }
},
{
  "model": "students.student",
  "pk": 45,
  "fields": {
    "name": "Мадина Хасанова",
    "phone": "+998999258191",
    "manager": 3,
    "created_at": "2026-04-15T13:59:03.753Z",
    "is_active": true
  }
},
{
  "model": "students.student",
  "pk": 46,
  "fields": {
    "name": "Шерзод Турсунов",
    "phone": "+998995468697",
    "manager": 4,
    "created_at": "2026-04-15T13:59:03.764Z",
    "is_active": true
  }
},
{
  "model": "students.student",
  "pk": 47,
  "fields": {
    "name": "Гулноза Абдуллаева",
    "phone": "+998994413291",
    "manager": 3,
    "created_at": "2026-04-15T13:59:03.783Z",
    "is_active": true
  }
},
{
  "model": "students.student",
  "pk": 48,
  "fields": {
    "name": "Азизбек Норматов",
    "phone": "+998999772381",
    "manager": 4,
    "created_at": "2026-04-15T13:59:03.797Z",
    "is_active": true
  }
},
{
  "model": "students.student",
  "pk": 49,
  "fields": {
    "name": "Нигора Султанова",
    "phone": "+998997110176",
    "manager": 3,
    "created_at": "2026-04-15T13:59:03.819Z",
    "is_active": true
  }
},
{
  "model": "students.student",
  "pk": 50,
  "fields": {
    "name": "Отабек Рашидов",
    "phone": "+998993245168",
    "manager": 4,
    "created_at": "2026-04-15T13:59:03.840Z",
    "is_active": true
  }
},
{
  "model": "students.student",
  "pk": 51,
  "fields": {
    "name": "Фарангиз Усманова",
    "phone": "+998991836212",
    "manager": 3,
    "created_at": "2026-04-15T13:59:03.862Z",
    "is_active": true
  }
},
{
  "model": "students.student",
  "pk": 52,
  "fields": {
    "name": "Сардор Ахмедов",
    "phone": "+998993067116",
    "manager": 4,
    "created_at": "2026-04-15T13:59:03.885Z",
    "is_active": true
  }
},
{
  "model": "students.student",
  "pk": 53,
  "fields": {
    "name": "Зарина Бабаева",
    "phone": "+998999028071",
    "manager": 3,
    "created_at": "2026-04-15T13:59:03.902Z",
    "is_active": true
  }
},
{
  "model": "students.student",
  "pk": 54,
  "fields": {
    "name": "Достон Мирзакаримов",
    "phone": "+998991459184",
    "manager": 4,
    "created_at": "2026-04-15T13:59:03.924Z",
    "is_active": true
  }
},
{
  "model": "students.student",
  "pk": 55,
  "fields": {
    "name": "Шахло Назарова",
    "phone": "+998999328932",
    "manager": 3,
    "created_at": "2026-04-15T13:59:03.951Z",
    "is_active": true
  }
},
{
  "model": "students.student",
  "pk": 56,
  "fields": {
    "name": "Ислом Тошпулатов",
    "phone": "+998992203898",
    "manager": 4,
    "created_at": "2026-04-15T13:59:03.980Z",
    "is_active": true
  }
},
{
  "model": "students.student",
  "pk": 57,
  "fields": {
    "name": "Камола Файзуллаева",
    "phone": "+998996563984",
    "manager": 3,
    "created_at": "2026-04-15T13:59:04.009Z",
    "is_active": true
  }
},
{
  "model": "students.student",
  "pk": 58,
  "fields": {
    "name": "Абдулла Холматов",
    "phone": "+998992428398",
    "manager": 4,
    "created_at": "2026-04-15T13:59:04.039Z",
    "is_active": true
  }
},
{
  "model": "students.student",
  "pk": 59,
  "fields": {
    "name": "Лола Эргашева",
    "phone": "+998996919748",
    "manager": 3,
    "created_at": "2026-04-15T13:59:04.072Z",
    "is_active": true
  }
},
{
  "model": "students.student",
  "pk": 60,
  "fields": {
    "name": "Умид Джалилов",
    "phone": "+998993382590",
    "manager": 4,
    "created_at": "2026-04-15T13:59:04.106Z",
    "is_active": true
  }
},
{
  "model": "students.student",
  "pk": 61,
  "fields": {
    "name": "Севара Исмаилова",
    "phone": "+998997108945",
    "manager": 3,
    "created_at": "2026-04-15T13:59:04.138Z",
    "is_active": true
  }
},
{
  "model": "students.student",
  "pk": 62,
  "fields": {
    "name": "Бобур Маматкулов",
    "phone": "+998999132845",
    "manager": 4,
    "created_at": "2026-04-15T13:59:04.167Z",
    "is_active": true
  }
},
{
  "model": "students.student",
  "pk": 63,
  "fields": {
    "name": "Навруза Олимова",
    "phone": "+998993058107",
    "manager": 3,
    "created_at": "2026-04-15T13:59:04.195Z",
    "is_active": true
  }
},
{
  "model": "students.student",
  "pk": 64,
  "fields": {
    "name": "Элдор Содиков",
    "phone": "+998997075781",
    "manager": 4,
    "created_at": "2026-04-15T13:59:04.224Z",
    "is_active": true
  }
},
{
  "model": "students.student",
  "pk": 65,
  "fields": {
    "name": "Дилором Тургунова",
    "phone": "+998992797817",
    "manager": 3,
    "created_at": "2026-04-15T13:59:04.252Z",
    "is_active": true
  }
},
{
  "model": "students.student",
  "pk": 66,
  "fields": {
    "name": "Феруз Хамидов",
    "phone": "+998991970679",
    "manager": 4,
    "created_at": "2026-04-15T13:59:04.286Z",
    "is_active": true
  }
},
{
  "model": "students.student",
  "pk": 67,
  "fields": {
    "name": "Нилуфар Мухамедова",
    "phone": "+998992115260",
    "manager": 3,
    "created_at": "2026-04-15T13:59:04.315Z",
    "is_active": true
  }
},
{
  "model": "students.student",
  "pk": 68,
  "fields": {
    "name": "Акмал Валиев",
    "phone": "+998993186079",
    "manager": 4,
    "created_at": "2026-04-15T13:59:04.345Z",
    "is_active": true
  }
},
{
  "model": "students.student",
  "pk": 69,
  "fields": {
    "name": "Саида Жураева",
    "phone": "+998995443097",
    "manager": 3,
    "created_at": "2026-04-15T13:59:04.374Z",
    "is_active": true
  }
},
{
  "model": "students.student",
  "pk": 70,
  "fields": {
    "name": "Тимур Набиев",
    "phone": "+998991135822",
    "manager": 4,
    "created_at": "2026-04-15T13:59:04.402Z",
    "is_active": true
  }
},
{
  "model": "students.student",
  "pk": 71,
  "fields": {
    "name": "Хуршида Кадырова",
    "phone": "+998996442638",
    "manager": 3,
    "created_at": "2026-04-15T13:59:04.432Z",
    "is_active": true
  }
},
{
  "model": "students.student",
  "pk": 72,
  "fields": {
    "name": "Алишер Эшматов",
    "phone": "+998993169339",
    "manager": 4,
    "created_at": "2026-04-15T13:59:04.463Z",
    "is_active": true
  }
},
{
  "model": "students.student",
  "pk": 73,
  "fields": {
    "name": "Муниса Ибрагимова",
    "phone": "+998998761943",
    "manager": 3,
    "created_at": "2026-04-15T13:59:04.487Z",
    "is_active": true
  }
},
{
  "model": "students.student",
  "pk": 74,
  "fields": {
    "name": "Равшан Рузиев",
    "phone": "+998995932856",
    "manager": 4,
    "created_at": "2026-04-15T13:59:04.513Z",
    "is_active": true
  }
},
{
  "model": "students.student",
  "pk": 75,
  "fields": {
    "name": "Озода Шарипова",
    "phone": "+998991514598",
    "manager": 3,
    "created_at": "2026-04-15T13:59:04.542Z",
    "is_active": true
  }
},
{
  "model": "students.student",
  "pk": 76,
  "fields": {
    "name": "Нодирбек Пулатов",
    "phone": "+998992405060",
    "manager": 4,
    "created_at": "2026-04-15T13:59:04.573Z",
    "is_active": true
  }
},
{
  "model": "students.student",
  "pk": 77,
  "fields": {
    "name": "Малика Мирсаидова",
    "phone": "+998998279730",
    "manager": 3,
    "created_at": "2026-04-15T13:59:04.601Z",
    "is_active": true
  }
},
{
  "model": "students.student",
  "pk": 78,
  "fields": {
    "name": "Собир Мамадалиев",
    "phone": "+998996216588",
    "manager": 4,
    "created_at": "2026-04-15T13:59:04.635Z",
    "is_active": true
  }
},
{
  "model": "students.student",
  "pk": 79,
  "fields": {
    "name": "Гулрух Тошматова",
    "phone": "+998999560314",
    "manager": 3,
    "created_at": "2026-04-15T13:59:04.665Z",
    "is_active": true
  }
},
{
  "model": "students.student",
  "pk": 80,
  "fields": {
    "name": "Санжар Усаров",
    "phone": "+998993210073",
    "manager": 4,
    "created_at": "2026-04-15T13:59:04.691Z",
    "is_active": true
  }
},
{
  "model": "groups.group",
  "pk": 7,
  "fields": {
    "name": "Kids English Starter",
    "course_type": "KIDS_ENGLISH",
    "level": "",
    "teacher": 5,
    "schedule_type": "EVEN",
    "time_slot": "14:00 - 15:30",
    "room": "К-1",
    "monthly_fee": "400000",
    "max_students": 12,
    "duration_months": 3,
    "color": "bg-t-1",
    "is_active": true,
    "created_at": "2026-04-15T13:59:03.660Z"
  }
},
{
  "model": "groups.group",
  "pk": 8,
  "fields": {
    "name": "General English Pre-Int",
    "course_type": "GENERAL_ENGLISH",
    "level": "",
    "teacher": 6,
    "schedule_type": "EVEN",
    "time_slot": "16:00 - 17:30",
    "room": "К-2",
    "monthly_fee": "450000",
    "max_students": 12,
    "duration_months": 3,
    "color": "bg-t-2",
    "is_active": true,
    "created_at": "2026-04-15T13:59:03.668Z"
  }
},
{
  "model": "groups.group",
  "pk": 9,
  "fields": {
    "name": "IELTS Reading & Writing",
    "course_type": "IELTS",
    "level": "",
    "teacher": 7,
    "schedule_type": "EVEN",
    "time_slot": "18:00 - 19:30",
    "room": "К-3",
    "monthly_fee": "600000",
    "max_students": 12,
    "duration_months": 3,
    "color": "bg-t-3",
    "is_active": true,
    "created_at": "2026-04-15T13:59:03.677Z"
  }
},
{
  "model": "groups.group",
  "pk": 10,
  "fields": {
    "name": "Kids English Level 1",
    "course_type": "KIDS_ENGLISH",
    "level": "",
    "teacher": 5,
    "schedule_type": "ODD",
    "time_slot": "15:00 - 16:30",
    "room": "К-1",
    "monthly_fee": "400000",
    "max_students": 12,
    "duration_months": 3,
    "color": "bg-t-4",
    "is_active": true,
    "created_at": "2026-04-15T13:59:03.686Z"
  }
},
{
  "model": "groups.group",
  "pk": 11,
  "fields": {
    "name": "General English Intermediate",
    "course_type": "GENERAL_ENGLISH",
    "level": "",
    "teacher": 6,
    "schedule_type": "ODD",
    "time_slot": "17:00 - 18:30",
    "room": "К-2",
    "monthly_fee": "450000",
    "max_students": 12,
    "duration_months": 3,
    "color": "bg-t-5",
    "is_active": true,
    "created_at": "2026-04-15T13:59:03.695Z"
  }
},
{
  "model": "groups.group",
  "pk": 12,
  "fields": {
    "name": "SAT Math Prep",
    "course_type": "SAT",
    "level": "",
    "teacher": 8,
    "schedule_type": "ODD",
    "time_slot": "16:00 - 18:00",
    "room": "К-4",
    "monthly_fee": "400000",
    "max_students": 12,
    "duration_months": 3,
    "color": "bg-t-6",
    "is_active": true,
    "created_at": "2026-04-15T13:59:03.704Z"
  }
},
{
  "model": "groups.enrollment",
  "pk": 61,
  "fields": {
    "student": 41,
    "group": 11,
    "enrolled_date": "2026-04-15",
    "is_active": true
  }
},
{
  "model": "groups.enrollment",
  "pk": 62,
  "fields": {
    "student": 41,
    "group": 10,
    "enrolled_date": "2026-04-15",
    "is_active": true
  }
},
{
  "model": "groups.enrollment",
  "pk": 63,
  "fields": {
    "student": 42,
    "group": 10,
    "enrolled_date": "2026-04-15",
    "is_active": true
  }
},
{
  "model": "groups.enrollment",
  "pk": 64,
  "fields": {
    "student": 43,
    "group": 8,
    "enrolled_date": "2026-04-15",
    "is_active": true
  }
},
{
  "model": "groups.enrollment",
  "pk": 65,
  "fields": {
    "student": 43,
    "group": 12,
    "enrolled_date": "2026-04-15",
    "is_active": true
  }
},
{
  "model": "groups.enrollment",
  "pk": 66,
  "fields": {
    "student": 44,
    "group": 10,
    "enrolled_date": "2026-04-15",
    "is_active": true
  }
},
{
  "model": "groups.enrollment",
  "pk": 67,
  "fields": {
    "student": 45,
    "group": 7,
    "enrolled_date": "2026-04-15",
    "is_active": true
  }
},
{
  "model": "groups.enrollment",
  "pk": 68,
  "fields": {
    "student": 45,
    "group": 11,
    "enrolled_date": "2026-04-15",
    "is_active": true
  }
},
{
  "model": "groups.enrollment",
  "pk": 69,
  "fields": {
    "student": 46,
    "group": 12,
    "enrolled_date": "2026-04-15",
    "is_active": true
  }
},
{
  "model": "groups.enrollment",
  "pk": 70,
  "fields": {
    "student": 47,
    "group": 12,
    "enrolled_date": "2026-04-15",
    "is_active": true
  }
},
{
  "model": "groups.enrollment",
  "pk": 71,
  "fields": {
    "student": 47,
    "group": 11,
    "enrolled_date": "2026-04-15",
    "is_active": true
  }
},
{
  "model": "groups.enrollment",
  "pk": 72,
  "fields": {
    "student": 48,
    "group": 8,
    "enrolled_date": "2026-04-15",
    "is_active": true
  }
},
{
  "model": "groups.enrollment",
  "pk": 73,
  "fields": {
    "student": 49,
    "group": 12,
    "enrolled_date": "2026-04-15",
    "is_active": true
  }
},
{
  "model": "groups.enrollment",
  "pk": 74,
  "fields": {
    "student": 50,
    "group": 10,
    "enrolled_date": "2026-04-15",
    "is_active": true
  }
},
{
  "model": "groups.enrollment",
  "pk": 75,
  "fields": {
    "student": 51,
    "group": 10,
    "enrolled_date": "2026-04-15",
    "is_active": true
  }
},
{
  "model": "groups.enrollment",
  "pk": 76,
  "fields": {
    "student": 52,
    "group": 8,
    "enrolled_date": "2026-04-15",
    "is_active": true
  }
},
{
  "model": "groups.enrollment",
  "pk": 77,
  "fields": {
    "student": 53,
    "group": 9,
    "enrolled_date": "2026-04-15",
    "is_active": true
  }
},
{
  "model": "groups.enrollment",
  "pk": 78,
  "fields": {
    "student": 53,
    "group": 11,
    "enrolled_date": "2026-04-15",
    "is_active": true
  }
},
{
  "model": "groups.enrollment",
  "pk": 79,
  "fields": {
    "student": 54,
    "group": 10,
    "enrolled_date": "2026-04-15",
    "is_active": true
  }
},
{
  "model": "groups.enrollment",
  "pk": 80,
  "fields": {
    "student": 55,
    "group": 7,
    "enrolled_date": "2026-04-15",
    "is_active": true
  }
},
{
  "model": "groups.enrollment",
  "pk": 81,
  "fields": {
    "student": 55,
    "group": 10,
    "enrolled_date": "2026-04-15",
    "is_active": true
  }
},
{
  "model": "groups.enrollment",
  "pk": 82,
  "fields": {
    "student": 56,
    "group": 8,
    "enrolled_date": "2026-04-15",
    "is_active": true
  }
},
{
  "model": "groups.enrollment",
  "pk": 83,
  "fields": {
    "student": 57,
    "group": 7,
    "enrolled_date": "2026-04-15",
    "is_active": true
  }
},
{
  "model": "groups.enrollment",
  "pk": 84,
  "fields": {
    "student": 57,
    "group": 11,
    "enrolled_date": "2026-04-15",
    "is_active": true
  }
},
{
  "model": "groups.enrollment",
  "pk": 85,
  "fields": {
    "student": 58,
    "group": 11,
    "enrolled_date": "2026-04-15",
    "is_active": true
  }
},
{
  "model": "groups.enrollment",
  "pk": 86,
  "fields": {
    "student": 59,
    "group": 8,
    "enrolled_date": "2026-04-15",
    "is_active": true
  }
},
{
  "model": "groups.enrollment",
  "pk": 87,
  "fields": {
    "student": 59,
    "group": 10,
    "enrolled_date": "2026-04-15",
    "is_active": true
  }
},
{
  "model": "groups.enrollment",
  "pk": 88,
  "fields": {
    "student": 60,
    "group": 10,
    "enrolled_date": "2026-04-15",
    "is_active": true
  }
},
{
  "model": "groups.enrollment",
  "pk": 89,
  "fields": {
    "student": 61,
    "group": 11,
    "enrolled_date": "2026-04-15",
    "is_active": true
  }
},
{
  "model": "groups.enrollment",
  "pk": 90,
  "fields": {
    "student": 62,
    "group": 7,
    "enrolled_date": "2026-04-15",
    "is_active": true
  }
},
{
  "model": "groups.enrollment",
  "pk": 91,
  "fields": {
    "student": 63,
    "group": 12,
    "enrolled_date": "2026-04-15",
    "is_active": true
  }
},
{
  "model": "groups.enrollment",
  "pk": 92,
  "fields": {
    "student": 64,
    "group": 9,
    "enrolled_date": "2026-04-15",
    "is_active": true
  }
},
{
  "model": "groups.enrollment",
  "pk": 93,
  "fields": {
    "student": 65,
    "group": 9,
    "enrolled_date": "2026-04-15",
    "is_active": true
  }
},
{
  "model": "groups.enrollment",
  "pk": 94,
  "fields": {
    "student": 66,
    "group": 11,
    "enrolled_date": "2026-04-15",
    "is_active": true
  }
},
{
  "model": "groups.enrollment",
  "pk": 95,
  "fields": {
    "student": 67,
    "group": 12,
    "enrolled_date": "2026-04-15",
    "is_active": true
  }
},
{
  "model": "groups.enrollment",
  "pk": 96,
  "fields": {
    "student": 67,
    "group": 7,
    "enrolled_date": "2026-04-15",
    "is_active": true
  }
},
{
  "model": "groups.enrollment",
  "pk": 97,
  "fields": {
    "student": 68,
    "group": 7,
    "enrolled_date": "2026-04-15",
    "is_active": true
  }
},
{
  "model": "groups.enrollment",
  "pk": 98,
  "fields": {
    "student": 69,
    "group": 12,
    "enrolled_date": "2026-04-15",
    "is_active": true
  }
},
{
  "model": "groups.enrollment",
  "pk": 99,
  "fields": {
    "student": 70,
    "group": 7,
    "enrolled_date": "2026-04-15",
    "is_active": true
  }
},
{
  "model": "groups.enrollment",
  "pk": 100,
  "fields": {
    "student": 71,
    "group": 10,
    "enrolled_date": "2026-04-15",
    "is_active": true
  }
},
{
  "model": "groups.enrollment",
  "pk": 101,
  "fields": {
    "student": 72,
    "group": 7,
    "enrolled_date": "2026-04-15",
    "is_active": true
  }
},
{
  "model": "groups.enrollment",
  "pk": 102,
  "fields": {
    "student": 72,
    "group": 11,
    "enrolled_date": "2026-04-15",
    "is_active": true
  }
},
{
  "model": "groups.enrollment",
  "pk": 103,
  "fields": {
    "student": 73,
    "group": 9,
    "enrolled_date": "2026-04-15",
    "is_active": true
  }
},
{
  "model": "groups.enrollment",
  "pk": 104,
  "fields": {
    "student": 73,
    "group": 8,
    "enrolled_date": "2026-04-15",
    "is_active": true
  }
},
{
  "model": "groups.enrollment",
  "pk": 105,
  "fields": {
    "student": 74,
    "group": 10,
    "enrolled_date": "2026-04-15",
    "is_active": true
  }
},
{
  "model": "groups.enrollment",
  "pk": 106,
  "fields": {
    "student": 75,
    "group": 11,
    "enrolled_date": "2026-04-15",
    "is_active": true
  }
},
{
  "model": "groups.enrollment",
  "pk": 107,
  "fields": {
    "student": 76,
    "group": 8,
    "enrolled_date": "2026-04-15",
    "is_active": true
  }
},
{
  "model": "groups.enrollment",
  "pk": 108,
  "fields": {
    "student": 77,
    "group": 11,
    "enrolled_date": "2026-04-15",
    "is_active": true
  }
},
{
  "model": "groups.enrollment",
  "pk": 109,
  "fields": {
    "student": 78,
    "group": 11,
    "enrolled_date": "2026-04-15",
    "is_active": true
  }
},
{
  "model": "groups.enrollment",
  "pk": 110,
  "fields": {
    "student": 78,
    "group": 12,
    "enrolled_date": "2026-04-15",
    "is_active": true
  }
},
{
  "model": "groups.enrollment",
  "pk": 111,
  "fields": {
    "student": 79,
    "group": 8,
    "enrolled_date": "2026-04-15",
    "is_active": true
  }
},
{
  "model": "groups.enrollment",
  "pk": 112,
  "fields": {
    "student": 80,
    "group": 10,
    "enrolled_date": "2026-04-15",
    "is_active": true
  }
},
{
  "model": "groups.sundayevent",
  "pk": 3,
  "fields": {
    "title": "Speaking Club B1-B2",
    "date": "2026-04-19",
    "time_slot": "11:00 - 13:00",
    "room": "К-1",
    "teacher": 6,
    "description": "Дискуссии на актуальные темы для уровней Pre-Intermediate и Intermediate.",
    "created_at": "2026-04-15T13:59:05.213Z"
  }
},
{
  "model": "groups.sundayevent",
  "pk": 4,
  "fields": {
    "title": "Mock IELTS Exam",
    "date": "2026-04-19",
    "time_slot": "09:00 - 12:00",
    "room": "Большой зал",
    "teacher": 7,
    "description": "Полная симуляция экзамена IELTS (Listening, Reading, Writing).",
    "created_at": "2026-04-15T13:59:05.233Z"
  }
},
{
  "model": "groups.sundayevent",
  "pk": 5,
  "fields": {
    "title": "SAT Practice Test",
    "date": "2026-04-26",
    "time_slot": "10:00 - 13:00",
    "room": "К-4",
    "teacher": 8,
    "description": "Пробный SAT тест с разбором ошибок.",
    "created_at": "2026-04-15T13:59:05.257Z"
  }
},
{
  "model": "payments.payment",
  "pk": 51,
  "fields": {
    "student": 41,
    "amount": "450000",
    "date": "2026-04-19T13:13:00Z",
    "comment": "Ежемесячная оплата",
    "created_at": "2026-04-15T13:59:04.883Z"
  }
},
{
  "model": "payments.payment",
  "pk": 52,
  "fields": {
    "student": 41,
    "amount": "400000",
    "date": "2026-04-15T05:04:00Z",
    "comment": "Оплата через Click",
    "created_at": "2026-04-15T13:59:04.883Z"
  }
},
{
  "model": "payments.payment",
  "pk": 53,
  "fields": {
    "student": 42,
    "amount": "400000",
    "date": "2026-04-19T10:30:00Z",
    "comment": "Перевод",
    "created_at": "2026-04-15T13:59:04.883Z"
  }
},
{
  "model": "payments.payment",
  "pk": 54,
  "fields": {
    "student": 43,
    "amount": "400000",
    "date": "2026-04-15T06:27:00Z",
    "comment": "Наличные",
    "created_at": "2026-04-15T13:59:04.883Z"
  }
},
{
  "model": "payments.payment",
  "pk": 55,
  "fields": {
    "student": 44,
    "amount": "400000",
    "date": "2026-04-16T11:24:00Z",
    "comment": "Оплата за месяц",
    "created_at": "2026-04-15T13:59:04.883Z"
  }
},
{
  "model": "payments.payment",
  "pk": 56,
  "fields": {
    "student": 45,
    "amount": "400000",
    "date": "2026-04-19T09:40:00Z",
    "comment": "Оплата за обучение",
    "created_at": "2026-04-15T13:59:04.883Z"
  }
},
{
  "model": "payments.payment",
  "pk": 57,
  "fields": {
    "student": 45,
    "amount": "450000",
    "date": "2026-04-19T05:04:00Z",
    "comment": "Перевод",
    "created_at": "2026-04-15T13:59:04.883Z"
  }
},
{
  "model": "payments.payment",
  "pk": 58,
  "fields": {
    "student": 46,
    "amount": "400000",
    "date": "2026-04-18T12:50:00Z",
    "comment": "Ежемесячная оплата",
    "created_at": "2026-04-15T13:59:04.883Z"
  }
},
{
  "model": "payments.payment",
  "pk": 59,
  "fields": {
    "student": 47,
    "amount": "450000",
    "date": "2026-04-16T09:18:00Z",
    "comment": "Ежемесячная оплата",
    "created_at": "2026-04-15T13:59:04.883Z"
  }
},
{
  "model": "payments.payment",
  "pk": 60,
  "fields": {
    "student": 48,
    "amount": "450000",
    "date": "2026-04-19T13:22:00Z",
    "comment": "Оплата за обучение",
    "created_at": "2026-04-15T13:59:04.883Z"
  }
},
{
  "model": "payments.payment",
  "pk": 61,
  "fields": {
    "student": 49,
    "amount": "400000",
    "date": "2026-04-18T11:28:00Z",
    "comment": "Перевод",
    "created_at": "2026-04-15T13:59:04.883Z"
  }
},
{
  "model": "payments.payment",
  "pk": 62,
  "fields": {
    "student": 50,
    "amount": "400000",
    "date": "2026-04-17T06:53:00Z",
    "comment": "Оплата за обучение",
    "created_at": "2026-04-15T13:59:04.883Z"
  }
},
{
  "model": "payments.payment",
  "pk": 63,
  "fields": {
    "student": 51,
    "amount": "400000",
    "date": "2026-04-15T13:45:00Z",
    "comment": "Оплата через Payme",
    "created_at": "2026-04-15T13:59:04.883Z"
  }
},
{
  "model": "payments.payment",
  "pk": 64,
  "fields": {
    "student": 52,
    "amount": "450000",
    "date": "2026-04-20T08:40:00Z",
    "comment": "Оплата за обучение",
    "created_at": "2026-04-15T13:59:04.883Z"
  }
},
{
  "model": "payments.payment",
  "pk": 65,
  "fields": {
    "student": 53,
    "amount": "600000",
    "date": "2026-04-17T06:17:00Z",
    "comment": "Ежемесячная оплата",
    "created_at": "2026-04-15T13:59:04.883Z"
  }
},
{
  "model": "payments.payment",
  "pk": 66,
  "fields": {
    "student": 53,
    "amount": "450000",
    "date": "2026-04-17T07:10:00Z",
    "comment": "Оплата за обучение",
    "created_at": "2026-04-15T13:59:04.883Z"
  }
},
{
  "model": "payments.payment",
  "pk": 67,
  "fields": {
    "student": 55,
    "amount": "400000",
    "date": "2026-04-18T08:04:00Z",
    "comment": "Перевод",
    "created_at": "2026-04-15T13:59:04.884Z"
  }
},
{
  "model": "payments.payment",
  "pk": 68,
  "fields": {
    "student": 55,
    "amount": "400000",
    "date": "2026-04-18T12:10:00Z",
    "comment": "Оплата за обучение",
    "created_at": "2026-04-15T13:59:04.884Z"
  }
},
{
  "model": "payments.payment",
  "pk": 69,
  "fields": {
    "student": 57,
    "amount": "400000",
    "date": "2026-04-17T06:33:00Z",
    "comment": "Наличные",
    "created_at": "2026-04-15T13:59:04.884Z"
  }
},
{
  "model": "payments.payment",
  "pk": 70,
  "fields": {
    "student": 58,
    "amount": "450000",
    "date": "2026-04-19T07:22:00Z",
    "comment": "Ежемесячная оплата",
    "created_at": "2026-04-15T13:59:04.884Z"
  }
},
{
  "model": "payments.payment",
  "pk": 71,
  "fields": {
    "student": 59,
    "amount": "450000",
    "date": "2026-04-17T09:32:00Z",
    "comment": "Наличные",
    "created_at": "2026-04-15T13:59:04.884Z"
  }
},
{
  "model": "payments.payment",
  "pk": 72,
  "fields": {
    "student": 59,
    "amount": "400000",
    "date": "2026-04-20T09:50:00Z",
    "comment": "Наличные",
    "created_at": "2026-04-15T13:59:04.884Z"
  }
},
{
  "model": "payments.payment",
  "pk": 73,
  "fields": {
    "student": 60,
    "amount": "400000",
    "date": "2026-04-20T10:32:00Z",
    "comment": "Наличные",
    "created_at": "2026-04-15T13:59:04.884Z"
  }
},
{
  "model": "payments.payment",
  "pk": 74,
  "fields": {
    "student": 61,
    "amount": "450000",
    "date": "2026-04-17T08:38:00Z",
    "comment": "Перевод",
    "created_at": "2026-04-15T13:59:04.884Z"
  }
},
{
  "model": "payments.payment",
  "pk": 75,
  "fields": {
    "student": 62,
    "amount": "400000",
    "date": "2026-04-16T11:11:00Z",
    "comment": "Оплата через Click",
    "created_at": "2026-04-15T13:59:04.884Z"
  }
},
{
  "model": "payments.payment",
  "pk": 76,
  "fields": {
    "student": 63,
    "amount": "400000",
    "date": "2026-04-17T04:53:00Z",
    "comment": "Оплата через Payme",
    "created_at": "2026-04-15T13:59:04.884Z"
  }
},
{
  "model": "payments.payment",
  "pk": 77,
  "fields": {
    "student": 64,
    "amount": "600000",
    "date": "2026-04-16T09:58:00Z",
    "comment": "Оплата за месяц",
    "created_at": "2026-04-15T13:59:04.884Z"
  }
},
{
  "model": "payments.payment",
  "pk": 78,
  "fields": {
    "student": 65,
    "amount": "600000",
    "date": "2026-04-15T05:45:00Z",
    "comment": "Оплата за обучение",
    "created_at": "2026-04-15T13:59:04.884Z"
  }
},
{
  "model": "payments.payment",
  "pk": 79,
  "fields": {
    "student": 66,
    "amount": "450000",
    "date": "2026-04-16T06:19:00Z",
    "comment": "Наличные",
    "created_at": "2026-04-15T13:59:04.884Z"
  }
},
{
  "model": "payments.payment",
  "pk": 80,
  "fields": {
    "student": 67,
    "amount": "400000",
    "date": "2026-04-17T06:43:00Z",
    "comment": "Наличные",
    "created_at": "2026-04-15T13:59:04.884Z"
  }
},
{
  "model": "payments.payment",
  "pk": 81,
  "fields": {
    "student": 67,
    "amount": "400000",
    "date": "2026-04-20T06:07:00Z",
    "comment": "Оплата за месяц",
    "created_at": "2026-04-15T13:59:04.884Z"
  }
},
{
  "model": "payments.payment",
  "pk": 82,
  "fields": {
    "student": 68,
    "amount": "400000",
    "date": "2026-04-19T08:51:00Z",
    "comment": "Оплата через Click",
    "created_at": "2026-04-15T13:59:04.884Z"
  }
},
{
  "model": "payments.payment",
  "pk": 83,
  "fields": {
    "student": 69,
    "amount": "400000",
    "date": "2026-04-15T12:11:00Z",
    "comment": "Оплата за месяц",
    "created_at": "2026-04-15T13:59:04.884Z"
  }
},
{
  "model": "payments.payment",
  "pk": 84,
  "fields": {
    "student": 71,
    "amount": "400000",
    "date": "2026-04-19T07:18:00Z",
    "comment": "Оплата за обучение",
    "created_at": "2026-04-15T13:59:04.884Z"
  }
},
{
  "model": "payments.payment",
  "pk": 85,
  "fields": {
    "student": 72,
    "amount": "400000",
    "date": "2026-04-18T07:35:00Z",
    "comment": "Перевод",
    "created_at": "2026-04-15T13:59:04.884Z"
  }
},
{
  "model": "payments.payment",
  "pk": 86,
  "fields": {
    "student": 72,
    "amount": "450000",
    "date": "2026-04-15T12:56:00Z",
    "comment": "Перевод",
    "created_at": "2026-04-15T13:59:04.884Z"
  }
},
{
  "model": "payments.payment",
  "pk": 87,
  "fields": {
    "student": 73,
    "amount": "600000",
    "date": "2026-04-15T06:09:00Z",
    "comment": "Ежемесячная оплата",
    "created_at": "2026-04-15T13:59:04.884Z"
  }
},
{
  "model": "payments.payment",
  "pk": 88,
  "fields": {
    "student": 74,
    "amount": "400000",
    "date": "2026-04-16T11:29:00Z",
    "comment": "Наличные",
    "created_at": "2026-04-15T13:59:04.884Z"
  }
},
{
  "model": "payments.payment",
  "pk": 89,
  "fields": {
    "student": 76,
    "amount": "450000",
    "date": "2026-04-20T10:18:00Z",
    "comment": "Оплата через Click",
    "created_at": "2026-04-15T13:59:04.884Z"
  }
},
{
  "model": "payments.payment",
  "pk": 90,
  "fields": {
    "student": 77,
    "amount": "450000",
    "date": "2026-04-17T12:27:00Z",
    "comment": "Перевод",
    "created_at": "2026-04-15T13:59:04.884Z"
  }
},
{
  "model": "payments.payment",
  "pk": 91,
  "fields": {
    "student": 78,
    "amount": "450000",
    "date": "2026-04-18T09:48:00Z",
    "comment": "Перевод",
    "created_at": "2026-04-15T13:59:04.884Z"
  }
},
{
  "model": "payments.payment",
  "pk": 92,
  "fields": {
    "student": 78,
    "amount": "400000",
    "date": "2026-04-18T12:38:00Z",
    "comment": "Оплата за обучение",
    "created_at": "2026-04-15T13:59:04.885Z"
  }
},
{
  "model": "payments.payment",
  "pk": 93,
  "fields": {
    "student": 79,
    "amount": "450000",
    "date": "2026-04-16T13:29:00Z",
    "comment": "Оплата за месяц",
    "created_at": "2026-04-15T13:59:04.885Z"
  }
},
{
  "model": "payments.payment",
  "pk": 94,
  "fields": {
    "student": 80,
    "amount": "400000",
    "date": "2026-04-17T10:31:00Z",
    "comment": "Оплата за обучение",
    "created_at": "2026-04-15T13:59:04.885Z"
  }
},
{
  "model": "attendance.attendance",
  "pk": 1,
  "fields": {
    "student": 41,
    "group": 10,
    "date": "2026-04-15",
    "status": "PRESENT",
    "grade": null,
    "comment": ""
  }
},
{
  "model": "attendance.attendance",
  "pk": 2,
  "fields": {
    "student": 42,
    "group": 10,
    "date": "2026-04-15",
    "status": "PRESENT",
    "grade": null,
    "comment": ""
  }
},
{
  "model": "attendance.attendance",
  "pk": 3,
  "fields": {
    "student": 44,
    "group": 10,
    "date": "2026-04-15",
    "status": "PRESENT",
    "grade": null,
    "comment": ""
  }
},
{
  "model": "attendance.attendance",
  "pk": 4,
  "fields": {
    "student": 50,
    "group": 10,
    "date": "2026-04-15",
    "status": "PRESENT",
    "grade": null,
    "comment": ""
  }
},
{
  "model": "attendance.attendance",
  "pk": 5,
  "fields": {
    "student": 51,
    "group": 10,
    "date": "2026-04-15",
    "status": "PRESENT",
    "grade": null,
    "comment": ""
  }
},
{
  "model": "attendance.attendance",
  "pk": 6,
  "fields": {
    "student": 54,
    "group": 10,
    "date": "2026-04-15",
    "status": "PRESENT",
    "grade": null,
    "comment": ""
  }
},
{
  "model": "attendance.attendance",
  "pk": 7,
  "fields": {
    "student": 55,
    "group": 10,
    "date": "2026-04-15",
    "status": "PRESENT",
    "grade": null,
    "comment": ""
  }
},
{
  "model": "attendance.attendance",
  "pk": 8,
  "fields": {
    "student": 59,
    "group": 10,
    "date": "2026-04-15",
    "status": "PRESENT",
    "grade": null,
    "comment": ""
  }
},
{
  "model": "attendance.attendance",
  "pk": 9,
  "fields": {
    "student": 60,
    "group": 10,
    "date": "2026-04-15",
    "status": "PRESENT",
    "grade": null,
    "comment": ""
  }
},
{
  "model": "attendance.attendance",
  "pk": 10,
  "fields": {
    "student": 71,
    "group": 10,
    "date": "2026-04-15",
    "status": "ABSENT",
    "grade": null,
    "comment": ""
  }
},
{
  "model": "attendance.attendance",
  "pk": 11,
  "fields": {
    "student": 74,
    "group": 10,
    "date": "2026-04-15",
    "status": "PRESENT",
    "grade": null,
    "comment": ""
  }
},
{
  "model": "attendance.attendance",
  "pk": 12,
  "fields": {
    "student": 80,
    "group": 10,
    "date": "2026-04-15",
    "status": "PRESENT",
    "grade": null,
    "comment": ""
  }
},
{
  "model": "attendance.attendance",
  "pk": 13,
  "fields": {
    "student": 41,
    "group": 11,
    "date": "2026-04-15",
    "status": "PRESENT",
    "grade": null,
    "comment": ""
  }
},
{
  "model": "attendance.attendance",
  "pk": 14,
  "fields": {
    "student": 45,
    "group": 11,
    "date": "2026-04-15",
    "status": "PRESENT",
    "grade": null,
    "comment": ""
  }
},
{
  "model": "attendance.attendance",
  "pk": 15,
  "fields": {
    "student": 47,
    "group": 11,
    "date": "2026-04-15",
    "status": "PRESENT",
    "grade": null,
    "comment": ""
  }
},
{
  "model": "attendance.attendance",
  "pk": 16,
  "fields": {
    "student": 53,
    "group": 11,
    "date": "2026-04-15",
    "status": "PRESENT",
    "grade": null,
    "comment": ""
  }
},
{
  "model": "attendance.attendance",
  "pk": 17,
  "fields": {
    "student": 57,
    "group": 11,
    "date": "2026-04-15",
    "status": "PRESENT",
    "grade": null,
    "comment": ""
  }
},
{
  "model": "attendance.attendance",
  "pk": 18,
  "fields": {
    "student": 58,
    "group": 11,
    "date": "2026-04-15",
    "status": "PRESENT",
    "grade": null,
    "comment": ""
  }
},
{
  "model": "attendance.attendance",
  "pk": 19,
  "fields": {
    "student": 61,
    "group": 11,
    "date": "2026-04-15",
    "status": "PRESENT",
    "grade": null,
    "comment": ""
  }
},
{
  "model": "attendance.attendance",
  "pk": 20,
  "fields": {
    "student": 66,
    "group": 11,
    "date": "2026-04-15",
    "status": "PRESENT",
    "grade": null,
    "comment": ""
  }
},
{
  "model": "attendance.attendance",
  "pk": 21,
  "fields": {
    "student": 72,
    "group": 11,
    "date": "2026-04-15",
    "status": "PRESENT",
    "grade": null,
    "comment": ""
  }
},
{
  "model": "attendance.attendance",
  "pk": 22,
  "fields": {
    "student": 75,
    "group": 11,
    "date": "2026-04-15",
    "status": "PRESENT",
    "grade": null,
    "comment": ""
  }
},
{
  "model": "attendance.attendance",
  "pk": 23,
  "fields": {
    "student": 77,
    "group": 11,
    "date": "2026-04-15",
    "status": "PRESENT",
    "grade": null,
    "comment": ""
  }
},
{
  "model": "attendance.attendance",
  "pk": 24,
  "fields": {
    "student": 78,
    "group": 11,
    "date": "2026-04-15",
    "status": "PRESENT",
    "grade": null,
    "comment": ""
  }
},
{
  "model": "attendance.attendance",
  "pk": 25,
  "fields": {
    "student": 43,
    "group": 12,
    "date": "2026-04-15",
    "status": "PRESENT",
    "grade": null,
    "comment": ""
  }
},
{
  "model": "attendance.attendance",
  "pk": 26,
  "fields": {
    "student": 46,
    "group": 12,
    "date": "2026-04-15",
    "status": "PRESENT",
    "grade": null,
    "comment": ""
  }
},
{
  "model": "attendance.attendance",
  "pk": 27,
  "fields": {
    "student": 47,
    "group": 12,
    "date": "2026-04-15",
    "status": "PRESENT",
    "grade": null,
    "comment": ""
  }
},
{
  "model": "attendance.attendance",
  "pk": 28,
  "fields": {
    "student": 49,
    "group": 12,
    "date": "2026-04-15",
    "status": "PRESENT",
    "grade": null,
    "comment": ""
  }
},
{
  "model": "attendance.attendance",
  "pk": 29,
  "fields": {
    "student": 63,
    "group": 12,
    "date": "2026-04-15",
    "status": "PRESENT",
    "grade": null,
    "comment": ""
  }
},
{
  "model": "attendance.attendance",
  "pk": 30,
  "fields": {
    "student": 67,
    "group": 12,
    "date": "2026-04-15",
    "status": "PRESENT",
    "grade": null,
    "comment": ""
  }
},
{
  "model": "attendance.attendance",
  "pk": 31,
  "fields": {
    "student": 69,
    "group": 12,
    "date": "2026-04-15",
    "status": "PRESENT",
    "grade": null,
    "comment": ""
  }
},
{
  "model": "attendance.attendance",
  "pk": 32,
  "fields": {
    "student": 78,
    "group": 12,
    "date": "2026-04-15",
    "status": "PRESENT",
    "grade": null,
    "comment": ""
  }
}
]
